{
	"height" : 720,
	"width" : 1280,
	"intrinsic_matrix" : 
	[
		699.7169799804688, 
		0.0, 
		664.6209716796875, 
		0.0, 
		699.7169799804688, 
		324.5509948730469, 
		0.0, 
		0.0, 
		1.0
	],
	"distortion_coefficients" :
	[
		-0.173246, 
		0.027030, 
		0.000000, 
		0.000000, 
		0.000000
	],
	"extrinsic_matrix" :
	[
		0.0,
		-1.0,
		0.0,
		0.23,
		0.0,
		0.0,
		-1.0,
		-0.04,
		1.0,
		0.0,
		0.0,
		-0.17
	]
}